AadharID,Name,Age,Address,PrimaryPhysicianID
30000000017,Ravi Kumar,45,"12 MG Road, Delhi",D1001
30000000018,Sunita Sharma,32,"7 Park St, Mumbai",D1002
30000000019,Aman Singh,28,"5 Lake View, Kolkata",D1003
30000000020,Priya Mehra,52,"9 Hilltop, Bangalore",D1004
30000000021,Ajay Gupta,38,"21 Sector 5, Noida",D1005
30000000022,Meena Joshi,41,"17 Sunrise Ave, Pune",D1006
30000000023,Rajesh Patel,55,"33 River Rd, Surat",D1007
30000000024,Neha Kapoor,29,"19 Rose St, Jaipur",D1008
30000000025,Vikram Singh,60,"44 Ocean Dr, Chennai",D1009
30000000026,Suresh Raina,36,"2 Lotus Ln, Lucknow",D1010
30000000027,Anjali Verma,47,"14 Pine St, Bhopal",D1011
30000000028,Kiran Rao,34,"8 Maple Rd, Hyderabad",D1012
30000000029,Deepak Sahu,50,"23 Cedar Ave, Patna",D1013
30000000030,Shweta Tiwari,27,"11 Ashok Marg, Kanpur",D1014
30000000031,Rohit Shetty,39,"6 Green Park, Chandigarh",D1015
30000000032,Pooja Nair,31,"55 Palm St, Kochi",D1016
30000000033,Manoj Das,44,"77 Lake Rd, Bhubaneswar",D1017
30000000034,Kavita Jain,37,"88 Sun Ave, Indore",D1018
30000000035,Tarun Yadav,53,"99 River Rd, Ranchi",D1019
30000000036,Sneha Roy,29,"10 Lotus Ln, Agra",D1020
30000000037,Gaurav Mittal,48,"21 Sector 7, Ghaziabad",D1001
30000000038,Ritu Sharma,36,"31 MG Road, Delhi",D1002
30000000039,Sandeep Kumar,41,"17 Park St, Mumbai",D1003
30000000040,Arjun Singh,27,"5 Lake View, Kolkata",D1004
30000000041,Jyoti Mehra,52,"9 Hilltop, Bangalore",D1005
30000000042,Nitin Gupta,38,"21 Sector 5, Noida",D1006
30000000043,Lakshmi Joshi,41,"17 Sunrise Ave, Pune",D1007
30000000044,Prakash Patel,55,"33 River Rd, Surat",D1008
30000000045,Asha Kapoor,29,"19 Rose St, Jaipur",D1009
30000000046,Karan Singh,60,"44 Ocean Dr, Chennai",D1010
30000000047,Rakesh Raina,36,"2 Lotus Ln, Lucknow",D1011
30000000048,Ananya Verma,47,"14 Pine St, Bhopal",D1012
30000000049,Kunal Rao,34,"8 Maple Rd, Hyderabad",D1013
30000000050,Deepali Sahu,50,"23 Cedar Ave, Patna",D1014
30000000051,Shikha Tiwari,27,"11 Ashok Marg, Kanpur",D1015
30000000052,Rahul Shetty,39,"6 Green Park, Chandigarh",D1016
30000000053,Pankaj Nair,31,"55 Palm St, Kochi",D1017
30000000054,Manisha Das,44,"77 Lake Rd, Bhubaneswar",D1018
30000000055,Kavya Jain,37,"88 Sun Ave, Indore",D1019
30000000056,Tarun Yadav,53,"99 River Rd, Ranchi",D1020
30000000057,Sneha Roy,29,"10 Lotus Ln, Agra",D1001
30000000058,Gaurav Mittal,48,"21 Sector 7, Ghaziabad",D1002
30000000059,Ritu Sharma,36,"31 MG Road, Delhi",D1003
30000000060,Sandeep Kumar,41,"17 Park St, Mumbai",D1004
30000000061,Arjun Singh,27,"5 Lake View, Kolkata",D1005
30000000062,Jyoti Mehra,52,"9 Hilltop, Bangalore",D1006
30000000063,Nitin Gupta,38,"21 Sector 5, Noida",D1007
30000000064,Lakshmi Joshi,41,"17 Sunrise Ave, Pune",D1008
30000000065,Prakash Patel,55,"33 River Rd, Surat",D1009
30000000066,Asha Kapoor,29,"19 Rose St, Jaipur",D1010
